{
  "DataFlow Java/C++/C#/Go/Python/Ruby/Swift Legacy Configuration": [
    "java/ql/lib/semmle/code/java/dataflow/internal/DataFlowImpl1.qll",
    "java/ql/lib/semmle/code/java/dataflow/internal/DataFlowImpl2.qll",
    "java/ql/lib/semmle/code/java/dataflow/internal/DataFlowImpl3.qll",
    "java/ql/lib/semmle/code/java/dataflow/internal/DataFlowImpl4.qll",
    "java/ql/lib/semmle/code/java/dataflow/internal/DataFlowImpl5.qll",
    "java/ql/lib/semmle/code/java/dataflow/internal/DataFlowImpl6.qll",
    "cpp/ql/lib/semmle/code/cpp/dataflow/internal/DataFlowImpl1.qll",
    "cpp/ql/lib/semmle/code/cpp/dataflow/internal/DataFlowImpl2.qll",
    "cpp/ql/lib/semmle/code/cpp/dataflow/internal/DataFlowImpl3.qll",
    "cpp/ql/lib/semmle/code/cpp/dataflow/internal/DataFlowImpl4.qll",
    "cpp/ql/lib/semmle/code/cpp/dataflow/internal/DataFlowImplLocal.qll",
    "cpp/ql/lib/semmle/code/cpp/ir/dataflow/internal/DataFlowImpl1.qll",
    "cpp/ql/lib/semmle/code/cpp/ir/dataflow/internal/DataFlowImpl2.qll",
    "cpp/ql/lib/semmle/code/cpp/ir/dataflow/internal/DataFlowImpl3.qll",
    "cpp/ql/lib/semmle/code/cpp/ir/dataflow/internal/DataFlowImpl4.qll",
    "csharp/ql/lib/semmle/code/csharp/dataflow/internal/DataFlowImpl1.qll",
    "csharp/ql/lib/semmle/code/csharp/dataflow/internal/DataFlowImpl2.qll",
    "csharp/ql/lib/semmle/code/csharp/dataflow/internal/DataFlowImpl3.qll",
    "csharp/ql/lib/semmle/code/csharp/dataflow/internal/DataFlowImpl4.qll",
    "csharp/ql/lib/semmle/code/csharp/dataflow/internal/DataFlowImpl5.qll",
    "go/ql/lib/semmle/go/dataflow/internal/DataFlowImpl1.qll",
    "go/ql/lib/semmle/go/dataflow/internal/DataFlowImpl2.qll",
    "python/ql/lib/semmle/python/dataflow/new/internal/DataFlowImpl1.qll",
    "python/ql/lib/semmle/python/dataflow/new/internal/DataFlowImpl2.qll",
    "python/ql/lib/semmle/python/dataflow/new/internal/DataFlowImpl3.qll",
    "python/ql/lib/semmle/python/dataflow/new/internal/DataFlowImpl4.qll",
    "ruby/ql/lib/codeql/ruby/dataflow/internal/DataFlowImpl1.qll",
    "ruby/ql/lib/codeql/ruby/dataflow/internal/DataFlowImpl2.qll",
    "swift/ql/lib/codeql/swift/dataflow/internal/DataFlowImpl1.qll"
  ],
  "TaintTracking Legacy Configuration Java/C++/C#/Go/Python/Ruby/Swift": [
    "cpp/ql/lib/semmle/code/cpp/dataflow/internal/tainttracking1/TaintTrackingImpl.qll",
    "cpp/ql/lib/semmle/code/cpp/dataflow/internal/tainttracking2/TaintTrackingImpl.qll",
    "cpp/ql/lib/semmle/code/cpp/ir/dataflow/internal/tainttracking1/TaintTrackingImpl.qll",
    "cpp/ql/lib/semmle/code/cpp/ir/dataflow/internal/tainttracking2/TaintTrackingImpl.qll",
    "cpp/ql/lib/semmle/code/cpp/ir/dataflow/internal/tainttracking3/TaintTrackingImpl.qll",
    "csharp/ql/lib/semmle/code/csharp/dataflow/internal/tainttracking1/TaintTrackingImpl.qll",
    "csharp/ql/lib/semmle/code/csharp/dataflow/internal/tainttracking2/TaintTrackingImpl.qll",
    "csharp/ql/lib/semmle/code/csharp/dataflow/internal/tainttracking3/TaintTrackingImpl.qll",
    "csharp/ql/lib/semmle/code/csharp/dataflow/internal/tainttracking4/TaintTrackingImpl.qll",
    "csharp/ql/lib/semmle/code/csharp/dataflow/internal/tainttracking5/TaintTrackingImpl.qll",
    "go/ql/lib/semmle/go/dataflow/internal/tainttracking1/TaintTrackingImpl.qll",
    "go/ql/lib/semmle/go/dataflow/internal/tainttracking2/TaintTrackingImpl.qll",
    "java/ql/lib/semmle/code/java/dataflow/internal/tainttracking1/TaintTrackingImpl.qll",
    "java/ql/lib/semmle/code/java/dataflow/internal/tainttracking2/TaintTrackingImpl.qll",
    "java/ql/lib/semmle/code/java/dataflow/internal/tainttracking3/TaintTrackingImpl.qll",
    "python/ql/lib/semmle/python/dataflow/new/internal/tainttracking1/TaintTrackingImpl.qll",
    "python/ql/lib/semmle/python/dataflow/new/internal/tainttracking2/TaintTrackingImpl.qll",
    "python/ql/lib/semmle/python/dataflow/new/internal/tainttracking3/TaintTrackingImpl.qll",
    "python/ql/lib/semmle/python/dataflow/new/internal/tainttracking4/TaintTrackingImpl.qll",
    "ruby/ql/lib/codeql/ruby/dataflow/internal/tainttracking1/TaintTrackingImpl.qll",
    "swift/ql/lib/codeql/swift/dataflow/internal/tainttracking1/TaintTrackingImpl.qll"
  ],
  "DataFlow Java/C#/Go/Ruby/Python/Swift Flow Summaries": [
    "java/ql/lib/semmle/code/java/dataflow/internal/FlowSummaryImpl.qll",
    "csharp/ql/lib/semmle/code/csharp/dataflow/internal/FlowSummaryImpl.qll",
    "go/ql/lib/semmle/go/dataflow/internal/FlowSummaryImpl.qll",
    "ruby/ql/lib/codeql/ruby/dataflow/internal/FlowSummaryImpl.qll",
    "python/ql/lib/semmle/python/dataflow/new/internal/FlowSummaryImpl.qll",
    "swift/ql/lib/codeql/swift/dataflow/internal/FlowSummaryImpl.qll"
  ],
  "SsaReadPosition Java/C#": [
    "java/ql/lib/semmle/code/java/dataflow/internal/rangeanalysis/SsaReadPositionCommon.qll",
    "csharp/ql/lib/semmle/code/csharp/dataflow/internal/rangeanalysis/SsaReadPositionCommon.qll"
  ],
  "Model as Data Generation Java/C# - CaptureModels": [
    "java/ql/src/utils/modelgenerator/internal/CaptureModels.qll",
    "csharp/ql/src/utils/modelgenerator/internal/CaptureModels.qll"
  ],
  "Model as Data Generation Java/C# - CaptureModelsPrinting": [
    "java/ql/src/utils/modelgenerator/internal/CaptureModelsPrinting.qll",
    "csharp/ql/src/utils/modelgenerator/internal/CaptureModelsPrinting.qll"
  ],
  "Sign Java/C#": [
    "java/ql/lib/semmle/code/java/dataflow/internal/rangeanalysis/Sign.qll",
    "csharp/ql/lib/semmle/code/csharp/dataflow/internal/rangeanalysis/Sign.qll"
  ],
  "SignAnalysis Java/C#": [
    "java/ql/lib/semmle/code/java/dataflow/internal/rangeanalysis/SignAnalysisCommon.qll",
    "csharp/ql/lib/semmle/code/csharp/dataflow/internal/rangeanalysis/SignAnalysisCommon.qll"
  ],
  "Bound Java/C#": [
    "java/ql/lib/semmle/code/java/dataflow/Bound.qll",
    "csharp/ql/lib/semmle/code/csharp/dataflow/Bound.qll"
  ],
  "ModulusAnalysis Java/C#": [
    "java/ql/lib/semmle/code/java/dataflow/ModulusAnalysis.qll",
    "csharp/ql/lib/semmle/code/csharp/dataflow/ModulusAnalysis.qll"
  ],
  "C++ SubBasicBlocks": [
    "cpp/ql/lib/semmle/code/cpp/controlflow/SubBasicBlocks.qll",
    "cpp/ql/lib/semmle/code/cpp/dataflow/internal/SubBasicBlocks.qll"
  ],
  "IR Instruction": [
    "cpp/ql/lib/semmle/code/cpp/ir/implementation/raw/Instruction.qll",
    "cpp/ql/lib/semmle/code/cpp/ir/implementation/unaliased_ssa/Instruction.qll",
    "cpp/ql/lib/semmle/code/cpp/ir/implementation/aliased_ssa/Instruction.qll",
    "csharp/ql/src/experimental/ir/implementation/raw/Instruction.qll",
    "csharp/ql/src/experimental/ir/implementation/unaliased_ssa/Instruction.qll"
  ],
  "IR IRBlock": [
    "cpp/ql/lib/semmle/code/cpp/ir/implementation/raw/IRBlock.qll",
    "cpp/ql/lib/semmle/code/cpp/ir/implementation/unaliased_ssa/IRBlock.qll",
    "cpp/ql/lib/semmle/code/cpp/ir/implementation/aliased_ssa/IRBlock.qll",
    "csharp/ql/src/experimental/ir/implementation/raw/IRBlock.qll",
    "csharp/ql/src/experimental/ir/implementation/unaliased_ssa/IRBlock.qll"
  ],
  "IR IRVariable": [
    "cpp/ql/lib/semmle/code/cpp/ir/implementation/raw/IRVariable.qll",
    "cpp/ql/lib/semmle/code/cpp/ir/implementation/unaliased_ssa/IRVariable.qll",
    "cpp/ql/lib/semmle/code/cpp/ir/implementation/aliased_ssa/IRVariable.qll",
    "csharp/ql/src/experimental/ir/implementation/raw/IRVariable.qll",
    "csharp/ql/src/experimental/ir/implementation/unaliased_ssa/IRVariable.qll"
  ],
  "IR IRFunction": [
    "cpp/ql/lib/semmle/code/cpp/ir/implementation/raw/IRFunction.qll",
    "cpp/ql/lib/semmle/code/cpp/ir/implementation/unaliased_ssa/IRFunction.qll",
    "cpp/ql/lib/semmle/code/cpp/ir/implementation/aliased_ssa/IRFunction.qll",
    "csharp/ql/src/experimental/ir/implementation/raw/IRFunction.qll",
    "csharp/ql/src/experimental/ir/implementation/unaliased_ssa/IRFunction.qll"
  ],
  "IR Operand": [
    "cpp/ql/lib/semmle/code/cpp/ir/implementation/raw/Operand.qll",
    "cpp/ql/lib/semmle/code/cpp/ir/implementation/unaliased_ssa/Operand.qll",
    "cpp/ql/lib/semmle/code/cpp/ir/implementation/aliased_ssa/Operand.qll",
    "csharp/ql/src/experimental/ir/implementation/raw/Operand.qll",
    "csharp/ql/src/experimental/ir/implementation/unaliased_ssa/Operand.qll"
  ],
  "IR IRType": [
    "cpp/ql/lib/semmle/code/cpp/ir/implementation/IRType.qll",
    "csharp/ql/src/experimental/ir/implementation/IRType.qll"
  ],
  "IR IRConfiguration": [
    "cpp/ql/lib/semmle/code/cpp/ir/implementation/IRConfiguration.qll",
    "csharp/ql/src/experimental/ir/implementation/IRConfiguration.qll"
  ],
  "IR UseSoundEscapeAnalysis": [
    "cpp/ql/lib/semmle/code/cpp/ir/implementation/UseSoundEscapeAnalysis.qll",
    "csharp/ql/src/experimental/ir/implementation/UseSoundEscapeAnalysis.qll"
  ],
  "IR IRFunctionBase": [
    "cpp/ql/lib/semmle/code/cpp/ir/implementation/internal/IRFunctionBase.qll",
    "csharp/ql/src/experimental/ir/implementation/internal/IRFunctionBase.qll"
  ],
  "IR Operand Tag": [
    "cpp/ql/lib/semmle/code/cpp/ir/implementation/internal/OperandTag.qll",
    "csharp/ql/src/experimental/ir/implementation/internal/OperandTag.qll"
  ],
  "IR TInstruction": [
    "cpp/ql/lib/semmle/code/cpp/ir/implementation/internal/TInstruction.qll",
    "csharp/ql/src/experimental/ir/implementation/internal/TInstruction.qll"
  ],
  "IR TIRVariable": [
    "cpp/ql/lib/semmle/code/cpp/ir/implementation/internal/TIRVariable.qll",
    "csharp/ql/src/experimental/ir/implementation/internal/TIRVariable.qll"
  ],
  "IR IR": [
    "cpp/ql/lib/semmle/code/cpp/ir/implementation/raw/IR.qll",
    "cpp/ql/lib/semmle/code/cpp/ir/implementation/unaliased_ssa/IR.qll",
    "cpp/ql/lib/semmle/code/cpp/ir/implementation/aliased_ssa/IR.qll",
    "csharp/ql/src/experimental/ir/implementation/raw/IR.qll",
    "csharp/ql/src/experimental/ir/implementation/unaliased_ssa/IR.qll"
  ],
  "IR IRConsistency": [
    "cpp/ql/lib/semmle/code/cpp/ir/implementation/raw/IRConsistency.qll",
    "cpp/ql/lib/semmle/code/cpp/ir/implementation/unaliased_ssa/IRConsistency.qll",
    "cpp/ql/lib/semmle/code/cpp/ir/implementation/aliased_ssa/IRConsistency.qll",
    "csharp/ql/src/experimental/ir/implementation/raw/IRConsistency.qll",
    "csharp/ql/src/experimental/ir/implementation/unaliased_ssa/IRConsistency.qll"
  ],
  "IR PrintIR": [
    "cpp/ql/lib/semmle/code/cpp/ir/implementation/raw/PrintIR.qll",
    "cpp/ql/lib/semmle/code/cpp/ir/implementation/unaliased_ssa/PrintIR.qll",
    "cpp/ql/lib/semmle/code/cpp/ir/implementation/aliased_ssa/PrintIR.qll",
    "csharp/ql/src/experimental/ir/implementation/raw/PrintIR.qll",
    "csharp/ql/src/experimental/ir/implementation/unaliased_ssa/PrintIR.qll"
  ],
  "IR IntegerConstant": [
    "cpp/ql/lib/semmle/code/cpp/ir/internal/IntegerConstant.qll",
    "csharp/ql/src/experimental/ir/internal/IntegerConstant.qll"
  ],
  "IR IntegerInteval": [
    "cpp/ql/lib/semmle/code/cpp/ir/internal/IntegerInterval.qll",
    "csharp/ql/src/experimental/ir/internal/IntegerInterval.qll"
  ],
  "IR IntegerPartial": [
    "cpp/ql/lib/semmle/code/cpp/ir/internal/IntegerPartial.qll",
    "csharp/ql/src/experimental/ir/internal/IntegerPartial.qll"
  ],
  "IR Overlap": [
    "cpp/ql/lib/semmle/code/cpp/ir/internal/Overlap.qll",
    "csharp/ql/src/experimental/ir/internal/Overlap.qll"
  ],
  "IR EdgeKind": [
    "cpp/ql/lib/semmle/code/cpp/ir/implementation/EdgeKind.qll",
    "csharp/ql/src/experimental/ir/implementation/EdgeKind.qll"
  ],
  "IR MemoryAccessKind": [
    "cpp/ql/lib/semmle/code/cpp/ir/implementation/MemoryAccessKind.qll",
    "csharp/ql/src/experimental/ir/implementation/MemoryAccessKind.qll"
  ],
  "IR TempVariableTag": [
    "cpp/ql/lib/semmle/code/cpp/ir/implementation/TempVariableTag.qll",
    "csharp/ql/src/experimental/ir/implementation/TempVariableTag.qll"
  ],
  "IR Opcode": [
    "cpp/ql/lib/semmle/code/cpp/ir/implementation/Opcode.qll",
    "csharp/ql/src/experimental/ir/implementation/Opcode.qll"
  ],
  "IR SSAConsistency": [
    "cpp/ql/lib/semmle/code/cpp/ir/implementation/unaliased_ssa/internal/SSAConsistency.qll",
    "cpp/ql/lib/semmle/code/cpp/ir/implementation/aliased_ssa/internal/SSAConsistency.qll",
    "csharp/ql/src/experimental/ir/implementation/unaliased_ssa/internal/SSAConsistency.qll"
  ],
  "C++ IR InstructionImports": [
    "cpp/ql/lib/semmle/code/cpp/ir/implementation/raw/internal/InstructionImports.qll",
    "cpp/ql/lib/semmle/code/cpp/ir/implementation/unaliased_ssa/internal/InstructionImports.qll",
    "cpp/ql/lib/semmle/code/cpp/ir/implementation/aliased_ssa/internal/InstructionImports.qll"
  ],
  "C++ IR IRImports": [
    "cpp/ql/lib/semmle/code/cpp/ir/implementation/raw/internal/IRImports.qll",
    "cpp/ql/lib/semmle/code/cpp/ir/implementation/unaliased_ssa/internal/IRImports.qll",
    "cpp/ql/lib/semmle/code/cpp/ir/implementation/aliased_ssa/internal/IRImports.qll"
  ],
  "C++ IR IRBlockImports": [
    "cpp/ql/lib/semmle/code/cpp/ir/implementation/raw/internal/IRBlockImports.qll",
    "cpp/ql/lib/semmle/code/cpp/ir/implementation/unaliased_ssa/internal/IRBlockImports.qll",
    "cpp/ql/lib/semmle/code/cpp/ir/implementation/aliased_ssa/internal/IRBlockImports.qll"
  ],
  "C++ IR IRConsistencyImports": [
    "cpp/ql/lib/semmle/code/cpp/ir/implementation/raw/internal/IRConsistencyImports.qll",
    "cpp/ql/lib/semmle/code/cpp/ir/implementation/unaliased_ssa/internal/IRConsistencyImports.qll",
    "cpp/ql/lib/semmle/code/cpp/ir/implementation/aliased_ssa/internal/IRConsistencyImports.qll"
  ],
  "C++ IR IRFunctionImports": [
    "cpp/ql/lib/semmle/code/cpp/ir/implementation/raw/internal/IRFunctionImports.qll",
    "cpp/ql/lib/semmle/code/cpp/ir/implementation/unaliased_ssa/internal/IRFunctionImports.qll",
    "cpp/ql/lib/semmle/code/cpp/ir/implementation/aliased_ssa/internal/IRFunctionImports.qll"
  ],
  "C++ IR IRVariableImports": [
    "cpp/ql/lib/semmle/code/cpp/ir/implementation/raw/internal/IRVariableImports.qll",
    "cpp/ql/lib/semmle/code/cpp/ir/implementation/unaliased_ssa/internal/IRVariableImports.qll",
    "cpp/ql/lib/semmle/code/cpp/ir/implementation/aliased_ssa/internal/IRVariableImports.qll"
  ],
  "C++ IR OperandImports": [
    "cpp/ql/lib/semmle/code/cpp/ir/implementation/raw/internal/OperandImports.qll",
    "cpp/ql/lib/semmle/code/cpp/ir/implementation/unaliased_ssa/internal/OperandImports.qll",
    "cpp/ql/lib/semmle/code/cpp/ir/implementation/aliased_ssa/internal/OperandImports.qll"
  ],
  "C++ IR PrintIRImports": [
    "cpp/ql/lib/semmle/code/cpp/ir/implementation/raw/internal/PrintIRImports.qll",
    "cpp/ql/lib/semmle/code/cpp/ir/implementation/unaliased_ssa/internal/PrintIRImports.qll",
    "cpp/ql/lib/semmle/code/cpp/ir/implementation/aliased_ssa/internal/PrintIRImports.qll"
  ],
  "C++ SSA SSAConstructionImports": [
    "cpp/ql/lib/semmle/code/cpp/ir/implementation/unaliased_ssa/internal/SSAConstructionImports.qll",
    "cpp/ql/lib/semmle/code/cpp/ir/implementation/aliased_ssa/internal/SSAConstructionImports.qll"
  ],
  "SSA AliasAnalysis": [
    "cpp/ql/lib/semmle/code/cpp/ir/implementation/unaliased_ssa/internal/AliasAnalysis.qll",
    "cpp/ql/lib/semmle/code/cpp/ir/implementation/aliased_ssa/internal/AliasAnalysis.qll",
    "csharp/ql/src/experimental/ir/implementation/unaliased_ssa/internal/AliasAnalysis.qll"
  ],
  "SSA PrintAliasAnalysis": [
    "cpp/ql/lib/semmle/code/cpp/ir/implementation/unaliased_ssa/internal/PrintAliasAnalysis.qll",
    "cpp/ql/lib/semmle/code/cpp/ir/implementation/aliased_ssa/internal/PrintAliasAnalysis.qll"
  ],
  "C++ SSA AliasAnalysisImports": [
    "cpp/ql/lib/semmle/code/cpp/ir/implementation/unaliased_ssa/internal/AliasAnalysisImports.qll",
    "cpp/ql/lib/semmle/code/cpp/ir/implementation/aliased_ssa/internal/AliasAnalysisImports.qll"
  ],
  "C++ IR ValueNumberingImports": [
    "cpp/ql/lib/semmle/code/cpp/ir/implementation/raw/gvn/internal/ValueNumberingImports.qll",
    "cpp/ql/lib/semmle/code/cpp/ir/implementation/unaliased_ssa/gvn/internal/ValueNumberingImports.qll",
    "cpp/ql/lib/semmle/code/cpp/ir/implementation/aliased_ssa/gvn/internal/ValueNumberingImports.qll"
  ],
  "IR SSA SimpleSSA": [
    "cpp/ql/lib/semmle/code/cpp/ir/implementation/unaliased_ssa/internal/SimpleSSA.qll",
    "csharp/ql/src/experimental/ir/implementation/unaliased_ssa/internal/SimpleSSA.qll"
  ],
  "IR AliasConfiguration (unaliased_ssa)": [
    "cpp/ql/lib/semmle/code/cpp/ir/implementation/unaliased_ssa/internal/AliasConfiguration.qll",
    "csharp/ql/src/experimental/ir/implementation/unaliased_ssa/internal/AliasConfiguration.qll"
  ],
  "IR SSA SSAConstruction": [
    "cpp/ql/lib/semmle/code/cpp/ir/implementation/unaliased_ssa/internal/SSAConstruction.qll",
    "cpp/ql/lib/semmle/code/cpp/ir/implementation/aliased_ssa/internal/SSAConstruction.qll",
    "csharp/ql/src/experimental/ir/implementation/unaliased_ssa/internal/SSAConstruction.qll"
  ],
  "IR SSA PrintSSA": [
    "cpp/ql/lib/semmle/code/cpp/ir/implementation/unaliased_ssa/internal/PrintSSA.qll",
    "cpp/ql/lib/semmle/code/cpp/ir/implementation/aliased_ssa/internal/PrintSSA.qll",
    "csharp/ql/src/experimental/ir/implementation/unaliased_ssa/internal/PrintSSA.qll"
  ],
  "IR ValueNumberInternal": [
    "cpp/ql/lib/semmle/code/cpp/ir/implementation/raw/gvn/internal/ValueNumberingInternal.qll",
    "cpp/ql/lib/semmle/code/cpp/ir/implementation/unaliased_ssa/gvn/internal/ValueNumberingInternal.qll",
    "cpp/ql/lib/semmle/code/cpp/ir/implementation/aliased_ssa/gvn/internal/ValueNumberingInternal.qll",
    "csharp/ql/src/experimental/ir/implementation/raw/gvn/internal/ValueNumberingInternal.qll",
    "csharp/ql/src/experimental/ir/implementation/unaliased_ssa/gvn/internal/ValueNumberingInternal.qll"
  ],
  "C++ IR ValueNumber": [
    "cpp/ql/lib/semmle/code/cpp/ir/implementation/raw/gvn/ValueNumbering.qll",
    "cpp/ql/lib/semmle/code/cpp/ir/implementation/unaliased_ssa/gvn/ValueNumbering.qll",
    "cpp/ql/lib/semmle/code/cpp/ir/implementation/aliased_ssa/gvn/ValueNumbering.qll",
    "csharp/ql/src/experimental/ir/implementation/raw/gvn/ValueNumbering.qll",
    "csharp/ql/src/experimental/ir/implementation/unaliased_ssa/gvn/ValueNumbering.qll"
  ],
  "C++ IR PrintValueNumbering": [
    "cpp/ql/lib/semmle/code/cpp/ir/implementation/raw/gvn/PrintValueNumbering.qll",
    "cpp/ql/lib/semmle/code/cpp/ir/implementation/unaliased_ssa/gvn/PrintValueNumbering.qll",
    "cpp/ql/lib/semmle/code/cpp/ir/implementation/aliased_ssa/gvn/PrintValueNumbering.qll",
    "csharp/ql/src/experimental/ir/implementation/raw/gvn/PrintValueNumbering.qll",
    "csharp/ql/src/experimental/ir/implementation/unaliased_ssa/gvn/PrintValueNumbering.qll"
  ],
  "C++ IR ConstantAnalysis": [
    "cpp/ql/lib/semmle/code/cpp/ir/implementation/raw/constant/ConstantAnalysis.qll",
    "cpp/ql/lib/semmle/code/cpp/ir/implementation/unaliased_ssa/constant/ConstantAnalysis.qll",
    "cpp/ql/lib/semmle/code/cpp/ir/implementation/aliased_ssa/constant/ConstantAnalysis.qll"
  ],
  "C++ IR PrintConstantAnalysis": [
    "cpp/ql/lib/semmle/code/cpp/ir/implementation/raw/constant/PrintConstantAnalysis.qll",
    "cpp/ql/lib/semmle/code/cpp/ir/implementation/unaliased_ssa/constant/PrintConstantAnalysis.qll",
    "cpp/ql/lib/semmle/code/cpp/ir/implementation/aliased_ssa/constant/PrintConstantAnalysis.qll"
  ],
  "C++ IR ReachableBlock": [
    "cpp/ql/lib/semmle/code/cpp/ir/implementation/raw/internal/reachability/ReachableBlock.qll",
    "cpp/ql/lib/semmle/code/cpp/ir/implementation/unaliased_ssa/internal/reachability/ReachableBlock.qll"
  ],
  "C++ IR PrintReachableBlock": [
    "cpp/ql/lib/semmle/code/cpp/ir/implementation/raw/internal/reachability/PrintReachableBlock.qll",
    "cpp/ql/lib/semmle/code/cpp/ir/implementation/unaliased_ssa/internal/reachability/PrintReachableBlock.qll"
  ],
  "C++ IR Dominance": [
    "cpp/ql/lib/semmle/code/cpp/ir/implementation/raw/internal/reachability/Dominance.qll",
    "cpp/ql/lib/semmle/code/cpp/ir/implementation/unaliased_ssa/internal/reachability/Dominance.qll"
  ],
  "C++ IR PrintDominance": [
    "cpp/ql/lib/semmle/code/cpp/ir/implementation/raw/internal/reachability/PrintDominance.qll",
    "cpp/ql/lib/semmle/code/cpp/ir/implementation/unaliased_ssa/internal/reachability/PrintDominance.qll"
  ],
  "C# IR InstructionImports": [
    "csharp/ql/src/experimental/ir/implementation/raw/internal/InstructionImports.qll",
    "csharp/ql/src/experimental/ir/implementation/unaliased_ssa/internal/InstructionImports.qll"
  ],
  "C# IR IRImports": [
    "csharp/ql/src/experimental/ir/implementation/raw/internal/IRImports.qll",
    "csharp/ql/src/experimental/ir/implementation/unaliased_ssa/internal/IRImports.qll"
  ],
  "C# IR IRBlockImports": [
    "csharp/ql/src/experimental/ir/implementation/raw/internal/IRBlockImports.qll",
    "csharp/ql/src/experimental/ir/implementation/unaliased_ssa/internal/IRBlockImports.qll"
  ],
  "C# IR IRFunctionImports": [
    "csharp/ql/src/experimental/ir/implementation/raw/internal/IRFunctionImports.qll",
    "csharp/ql/src/experimental/ir/implementation/unaliased_ssa/internal/IRFunctionImports.qll"
  ],
  "C# IR IRVariableImports": [
    "csharp/ql/src/experimental/ir/implementation/raw/internal/IRVariableImports.qll",
    "csharp/ql/src/experimental/ir/implementation/unaliased_ssa/internal/IRVariableImports.qll"
  ],
  "C# IR OperandImports": [
    "csharp/ql/src/experimental/ir/implementation/raw/internal/OperandImports.qll",
    "csharp/ql/src/experimental/ir/implementation/unaliased_ssa/internal/OperandImports.qll"
  ],
  "C# IR PrintIRImports": [
    "csharp/ql/src/experimental/ir/implementation/raw/internal/PrintIRImports.qll",
    "csharp/ql/src/experimental/ir/implementation/unaliased_ssa/internal/PrintIRImports.qll"
  ],
  "C# IR ValueNumberingImports": [
    "csharp/ql/src/experimental/ir/implementation/raw/gvn/internal/ValueNumberingImports.qll",
    "csharp/ql/src/experimental/ir/implementation/unaliased_ssa/gvn/internal/ValueNumberingImports.qll"
  ],
  "C# ControlFlowReachability": [
    "csharp/ql/lib/semmle/code/csharp/dataflow/internal/ControlFlowReachability.qll",
    "csharp/ql/lib/semmle/code/csharp/dataflow/internal/rangeanalysis/ControlFlowReachability.qll"
  ],
  "C++ ExternalAPIs": [
    "cpp/ql/src/Security/CWE/CWE-020/ExternalAPIs.qll",
    "cpp/ql/src/Security/CWE/CWE-020/ir/ExternalAPIs.qll"
  ],
  "C++ SafeExternalAPIFunction": [
    "cpp/ql/src/Security/CWE/CWE-020/SafeExternalAPIFunction.qll",
    "cpp/ql/src/Security/CWE/CWE-020/ir/SafeExternalAPIFunction.qll"
  ],
  "XML": [
    "cpp/ql/lib/semmle/code/cpp/XML.qll",
    "csharp/ql/lib/semmle/code/csharp/XML.qll",
    "java/ql/lib/semmle/code/xml/XML.qll",
    "javascript/ql/lib/semmle/javascript/XML.qll",
    "python/ql/lib/semmle/python/xml/XML.qll"
  ],
  "DuplicationProblems.inc.qhelp": [
    "cpp/ql/src/Metrics/Files/DuplicationProblems.inc.qhelp",
    "javascript/ql/src/Metrics/DuplicationProblems.inc.qhelp",
    "python/ql/src/Metrics/DuplicationProblems.inc.qhelp"
  ],
  "CommentedOutCodeQuery.inc.qhelp": [
    "cpp/ql/src/Documentation/CommentedOutCodeQuery.inc.qhelp",
    "python/ql/src/Lexical/CommentedOutCodeQuery.inc.qhelp",
    "csharp/ql/src/Bad Practices/Comments/CommentedOutCodeQuery.inc.qhelp",
    "java/ql/src/Violations of Best Practice/Comments/CommentedOutCodeQuery.inc.qhelp",
    "javascript/ql/src/Comments/CommentedOutCodeQuery.inc.qhelp"
  ],
  "FLinesOfCodeReferences.inc.qhelp": [
    "java/ql/src/Metrics/Files/FLinesOfCodeReferences.inc.qhelp",
    "javascript/ql/src/Metrics/FLinesOfCodeReferences.inc.qhelp"
  ],
  "FCommentRatioCommon.inc.qhelp": [
    "java/ql/src/Metrics/Files/FCommentRatioCommon.inc.qhelp",
    "javascript/ql/src/Metrics/FCommentRatioCommon.inc.qhelp"
  ],
  "FLinesOfCodeOverview.inc.qhelp": [
    "java/ql/src/Metrics/Files/FLinesOfCodeOverview.inc.qhelp",
    "javascript/ql/src/Metrics/FLinesOfCodeOverview.inc.qhelp"
  ],
  "CommentedOutCodeMetricOverview.inc.qhelp": [
    "cpp/ql/src/Metrics/Files/CommentedOutCodeMetricOverview.inc.qhelp",
    "csharp/ql/src/Metrics/Files/CommentedOutCodeMetricOverview.inc.qhelp",
    "java/ql/src/Metrics/Files/CommentedOutCodeMetricOverview.inc.qhelp",
    "javascript/ql/src/Comments/CommentedOutCodeMetricOverview.inc.qhelp",
    "python/ql/src/Lexical/CommentedOutCodeMetricOverview.inc.qhelp"
  ],
  "FLinesOfDuplicatedCodeCommon.inc.qhelp": [
    "java/ql/src/Metrics/Files/FLinesOfDuplicatedCodeCommon.inc.qhelp",
    "javascript/ql/src/Metrics/FLinesOfDuplicatedCodeCommon.inc.qhelp",
    "python/ql/src/Metrics/FLinesOfDuplicatedCodeCommon.inc.qhelp"
  ],
  "CommentedOutCodeReferences.inc.qhelp": [
    "cpp/ql/src/Metrics/Files/CommentedOutCodeReferences.inc.qhelp",
    "csharp/ql/src/Metrics/Files/CommentedOutCodeReferences.inc.qhelp",
    "java/ql/src/Metrics/Files/CommentedOutCodeReferences.inc.qhelp",
    "javascript/ql/src/Comments/CommentedOutCodeReferences.inc.qhelp",
    "python/ql/src/Lexical/CommentedOutCodeReferences.inc.qhelp"
  ],
  "ThreadResourceAbuse qhelp": [
    "java/ql/src/experimental/Security/CWE/CWE-400/LocalThreadResourceAbuse.qhelp",
    "java/ql/src/experimental/Security/CWE/CWE-400/ThreadResourceAbuse.qhelp"
  ],
  "IDE Contextual Queries": [
    "cpp/ql/lib/IDEContextual.qll",
    "csharp/ql/lib/IDEContextual.qll",
    "java/ql/lib/IDEContextual.qll",
    "javascript/ql/lib/IDEContextual.qll",
    "python/ql/lib/analysis/IDEContextual.qll"
  ],
  "CryptoAlgorithms Python/JS/Ruby": [
    "javascript/ql/lib/semmle/javascript/security/CryptoAlgorithms.qll",
    "python/ql/lib/semmle/python/concepts/CryptoAlgorithms.qll",
    "ruby/ql/lib/codeql/ruby/security/CryptoAlgorithms.qll"
  ],
  "CryptoAlgorithmNames Python/JS/Ruby": [
    "javascript/ql/lib/semmle/javascript/security/internal/CryptoAlgorithmNames.qll",
    "python/ql/lib/semmle/python/concepts/internal/CryptoAlgorithmNames.qll",
    "ruby/ql/lib/codeql/ruby/security/internal/CryptoAlgorithmNames.qll"
  ],
  "SensitiveDataHeuristics Python/JS": [
    "javascript/ql/lib/semmle/javascript/security/internal/SensitiveDataHeuristics.qll",
    "python/ql/lib/semmle/python/security/internal/SensitiveDataHeuristics.qll",
    "ruby/ql/lib/codeql/ruby/security/internal/SensitiveDataHeuristics.qll",
    "swift/ql/lib/codeql/swift/security/internal/SensitiveDataHeuristics.qll"
  ],
  "TypeTracker": [
    "python/ql/lib/semmle/python/dataflow/new/internal/TypeTracker.qll",
    "ruby/ql/lib/codeql/ruby/typetracking/TypeTracker.qll"
  ],
  "SummaryTypeTracker": [
    "python/ql/lib/semmle/python/dataflow/new/internal/SummaryTypeTracker.qll",
    "ruby/ql/lib/codeql/ruby/typetracking/internal/SummaryTypeTracker.qll"
  ],
  "AccessPathSyntax": [
    "csharp/ql/lib/semmle/code/csharp/dataflow/internal/AccessPathSyntax.qll",
    "go/ql/lib/semmle/go/dataflow/internal/AccessPathSyntax.qll",
    "java/ql/lib/semmle/code/java/dataflow/internal/AccessPathSyntax.qll",
    "javascript/ql/lib/semmle/javascript/frameworks/data/internal/AccessPathSyntax.qll",
    "ruby/ql/lib/codeql/ruby/dataflow/internal/AccessPathSyntax.qll",
    "python/ql/lib/semmle/python/dataflow/new/internal/AccessPathSyntax.qll",
    "swift/ql/lib/codeql/swift/dataflow/internal/AccessPathSyntax.qll"
  ],
  "IncompleteUrlSubstringSanitization": [
    "javascript/ql/src/Security/CWE-020/IncompleteUrlSubstringSanitization.qll",
    "ruby/ql/src/queries/security/cwe-020/IncompleteUrlSubstringSanitization.qll"
  ],
  "Concepts Python/Ruby/JS": [
    "python/ql/lib/semmle/python/internal/ConceptsShared.qll",
    "ruby/ql/lib/codeql/ruby/internal/ConceptsShared.qll",
    "javascript/ql/lib/semmle/javascript/internal/ConceptsShared.qll"
  ],
  "ApiGraphModels": [
    "javascript/ql/lib/semmle/javascript/frameworks/data/internal/ApiGraphModels.qll",
    "ruby/ql/lib/codeql/ruby/frameworks/data/internal/ApiGraphModels.qll",
    "python/ql/lib/semmle/python/frameworks/data/internal/ApiGraphModels.qll"
  ],
  "ApiGraphModelsExtensions": [
    "javascript/ql/lib/semmle/javascript/frameworks/data/internal/ApiGraphModelsExtensions.qll",
    "ruby/ql/lib/codeql/ruby/frameworks/data/internal/ApiGraphModelsExtensions.qll",
    "python/ql/lib/semmle/python/frameworks/data/internal/ApiGraphModelsExtensions.qll"
  ],
  "Typo database": [
    "javascript/ql/src/Expressions/TypoDatabase.qll",
    "ql/ql/src/codeql_ql/style/TypoDatabase.qll"
  ],
  "Swift declarations test file": [
    "swift/ql/test/extractor-tests/declarations/declarations.swift",
    "swift/ql/test/library-tests/ast/declarations.swift"
  ],
  "Swift statements test file": [
    "swift/ql/test/extractor-tests/statements/statements.swift",
    "swift/ql/test/library-tests/ast/statements.swift"
  ],
  "Swift expressions test file": [
    "swift/ql/test/extractor-tests/expressions/expressions.swift",
    "swift/ql/test/library-tests/ast/expressions.swift"
  ],
  "Swift patterns test file": [
    "swift/ql/test/extractor-tests/patterns/patterns.swift",
    "swift/ql/test/library-tests/ast/patterns.swift"
  ],
  "Swift control flow test file": [
    "swift/ql/test/library-tests/controlflow/graph/cfg.swift",
    "swift/ql/test/library-tests/ast/cfg.swift"
  ],
  "IncompleteMultiCharacterSanitization JS/Ruby": [
    "javascript/ql/lib/semmle/javascript/security/IncompleteMultiCharacterSanitizationQuery.qll",
    "ruby/ql/lib/codeql/ruby/security/IncompleteMultiCharacterSanitizationQuery.qll"
  ],
  "EncryptionKeySizes Python/Java": [
    "python/ql/lib/semmle/python/security/internal/EncryptionKeySizes.qll",
    "java/ql/lib/semmle/code/java/security/internal/EncryptionKeySizes.qll"
  ],
  "Python model summaries test extension": [
    "python/ql/test/experimental/dataflow/model-summaries/InlineTaintTest.ext.yml",
    "python/ql/test/experimental/dataflow/model-summaries/NormalDataflowTest.ext.yml"
  ]
}
